City_ID,City,Country,Date,Lat,Lng,Max Temp,Humidity,Cloudiness,Wind Speed
0,Ushuaia,AR,2021-06-01 16:32:19,-54.8,-68.3,29.86,100,75,13.8
1,Monte Patria,CL,2021-06-01 16:32:19,-30.6919,-70.9467,82.8,13,25,4.18
2,Bluff,NZ,2021-06-01 16:32:20,-46.6,168.3333,49.8,83,99,19.1
3,Georgetown,MY,2021-06-01 16:27:39,5.4112,100.3354,83.89,82,20,1.01
4,Urbano Santos,BR,2021-06-01 16:32:21,-3.2078,-43.4036,85.41,63,34,1.72
5,Ponta Do Sol,PT,2021-06-01 16:32:21,32.6667,-17.1,72.23,74,64,3.87
6,Barrow,US,2021-06-01 16:32:22,71.2906,-156.7887,30.22,80,90,18.41
7,Mar Del Plata,AR,2021-06-01 16:32:22,-38.0023,-57.5575,65.08,51,0,1.99
8,Nelson Bay,AU,2021-06-01 16:32:22,-32.7167,152.15,56.68,96,93,6.04
9,Jamestown,US,2021-06-01 16:32:23,42.097,-79.2353,69.3,45,1,8.05
10,Punta Arenas,CL,2021-06-01 16:32:23,-53.15,-70.9167,33.91,80,75,2.84
11,Kodiak,US,2021-06-01 16:32:24,57.79,-152.4072,45.91,87,90,8.05
12,Inhambane,MZ,2021-06-01 16:32:24,-23.865,35.3833,71.15,82,44,11.81
13,Sahaswan,IN,2021-06-01 16:32:25,28.0833,78.75,92.71,29,26,2.24
14,Angoram,PG,2021-06-01 16:32:25,-4.0625,144.0661,73.24,100,100,2.24
15,Baykit,RU,2021-06-01 16:32:26,61.67,96.37,53.46,64,63,4.61
16,Albany,US,2021-06-01 16:32:26,42.6001,-73.9662,73.67,53,100,3.15
17,Biltine,TD,2021-06-01 16:32:26,14.5333,20.9167,95.79,22,98,13.53
18,Kununurra,AU,2021-06-01 16:32:27,-15.7667,128.7333,67.98,83,66,0.0
19,Lagoa Da Prata,BR,2021-06-01 16:32:27,-20.0225,-45.5436,81.64,44,88,2.82
20,Wawa,NG,2021-06-01 16:32:28,9.9022,4.4192,93.74,40,94,8.88
21,Luderitz,NA,2021-06-01 16:32:28,-26.6481,15.1594,67.12,37,0,17.9
22,Gushikawa,JP,2021-06-01 16:32:29,26.3544,127.8686,76.23,96,75,12.73
23,Bathsheba,BB,2021-06-01 16:32:29,13.2167,-59.5167,86.61,51,40,15.03
24,Cape Town,ZA,2021-06-01 16:32:29,-33.9258,18.4232,60.12,83,0,8.86
25,Nagato,JP,2021-06-01 16:32:30,34.3833,131.2,69.71,80,100,8.14
26,Khatanga,RU,2021-06-01 16:32:30,71.9667,102.5,34.9,86,100,15.97
27,Vaini,TO,2021-06-01 16:32:31,-21.2,-175.2,69.96,100,90,4.61
28,Paka,MY,2021-06-01 16:32:31,4.6374,103.4368,80.22,88,63,6.31
29,Erzin,TR,2021-06-01 16:32:32,36.9559,36.2,77.72,79,0,5.93
30,Grindavik,IS,2021-06-01 16:32:32,63.8424,-22.4338,48.56,76,75,18.66
31,Yellowknife,CA,2021-06-01 16:30:52,62.456,-114.3525,57.29,87,90,5.75
32,Thompson,CA,2021-06-01 16:32:33,55.7435,-97.8558,53.76,58,40,4.61
33,Cabo San Lucas,MX,2021-06-01 16:32:33,22.8909,-109.9124,91.51,26,20,5.75
34,Mataura,NZ,2021-06-01 16:32:33,-46.1927,168.8643,49.48,83,98,3.91
35,San Andres,CO,2021-06-01 16:31:19,12.5847,-81.7006,87.82,66,40,13.8
36,Fortuna,US,2021-06-01 16:32:34,40.5982,-124.1573,63.93,75,56,1.01
37,Tautira,PF,2021-06-01 16:32:35,-17.7333,-149.15,75.22,63,67,13.02
38,Tuktoyaktuk,CA,2021-06-01 16:32:35,69.4541,-133.0374,32.0,86,90,8.05
39,Rikitea,PF,2021-06-01 16:32:35,-23.1203,-134.9692,71.6,55,61,21.72
40,Saint-Philippe,RE,2021-06-01 16:32:36,-21.3585,55.7679,74.79,79,57,10.94
41,Kalininsk,RU,2021-06-01 16:32:36,51.5,44.4758,61.03,75,100,10.74
42,Port Alfred,ZA,2021-06-01 16:32:37,-33.5906,26.891,62.56,82,100,13.13
43,Hobart,AU,2021-06-01 16:31:47,-42.8794,147.3294,54.91,68,69,4.0
44,Urukh,RU,2021-06-01 16:32:37,43.2933,44.0265,77.4,90,90,3.0
45,Norman Wells,CA,2021-06-01 16:32:38,65.282,-126.8329,42.84,87,90,14.97
46,Dingle,PH,2021-06-01 16:32:38,10.9995,122.6711,75.88,96,100,11.1
47,Kapaa,US,2021-06-01 16:32:39,22.0752,-159.319,71.92,94,40,5.88
48,Betsiamites,CA,2021-06-01 16:32:39,48.9413,-68.646,63.0,87,100,15.73
49,Lasa,IT,2021-06-01 16:32:39,46.6166,10.7002,76.08,65,42,1.32
50,Kashi,CN,2021-06-01 16:32:40,39.4547,75.9797,79.81,24,40,4.47
51,Qaanaaq,GL,2021-06-01 16:32:40,77.484,-69.3632,31.33,82,98,2.55
52,Nishihara,JP,2021-06-01 16:32:41,26.1842,127.7558,76.28,97,90,12.39
53,Pedernales,DO,2021-06-01 16:32:41,18.0384,-71.744,85.33,59,100,6.08
54,Makat,KZ,2021-06-01 16:32:41,47.6469,53.3463,84.72,36,85,2.73
55,Butaritari,KI,2021-06-01 16:32:42,3.0707,172.7902,82.29,82,81,16.73
56,Hami,CN,2021-06-01 16:32:42,42.8,93.45,77.5,10,35,16.71
57,Itanagar,IN,2021-06-01 16:32:43,27.1,93.6167,71.49,98,52,2.77
58,San Jose,US,2021-06-01 16:30:33,37.3394,-121.895,79.54,65,20,3.44
59,Longyearbyen,SJ,2021-06-01 16:32:43,78.2186,15.6401,33.64,100,90,8.05
60,Nantucket,US,2021-06-01 16:32:44,41.2835,-70.0995,74.61,68,1,12.66
61,Beringovskiy,RU,2021-06-01 16:32:44,63.05,179.3167,30.25,86,68,10.78
62,Severo-Kurilsk,RU,2021-06-01 16:32:14,50.6789,156.125,38.61,95,100,4.5
63,Rush,IE,2021-06-01 16:32:45,53.5223,-6.0931,70.97,59,40,6.73
64,Lavrentiya,RU,2021-06-01 16:32:45,65.5833,-171.0,30.78,74,8,14.85
65,Talnakh,RU,2021-06-01 16:32:46,69.4865,88.3972,31.03,97,100,2.15
66,Hithadhoo,MV,2021-06-01 16:32:46,-0.6,73.0833,84.16,66,100,13.98
67,Atuona,PF,2021-06-01 16:32:47,-9.8,-139.0333,79.54,77,22,16.24
68,Mwene-Ditu,CD,2021-06-01 16:32:47,-7.0,23.45,73.83,39,69,1.23
69,East London,ZA,2021-06-01 16:32:47,-33.0153,27.9116,59.94,82,20,2.3
70,Gemena,CD,2021-06-01 16:32:48,3.25,19.7667,73.45,80,100,2.48
71,Kailua,US,2021-06-01 16:32:48,21.4022,-157.7394,76.75,83,75,6.91
72,Kenora,CA,2021-06-01 16:32:49,49.8167,-94.4337,70.99,40,75,12.66
73,Busselton,AU,2021-06-01 16:32:50,-33.65,115.3333,56.05,68,92,4.9
74,Ahipara,NZ,2021-06-01 16:32:50,-35.1667,173.1667,55.74,85,29,8.37
75,Salalah,OM,2021-06-01 16:32:50,17.0151,54.0924,84.29,84,40,8.05
76,Naze,JP,2021-06-01 16:32:51,28.3667,129.4833,70.5,83,72,14.58
77,Burnie,AU,2021-06-01 16:32:07,-41.0667,145.9167,49.91,77,100,4.03
78,Margate,GB,2021-06-01 16:32:52,51.3813,1.3862,71.71,74,1,14.38
79,Nanakuli,US,2021-06-01 16:32:52,21.3906,-158.1547,76.71,78,1,5.79
80,Uaua,BR,2021-06-01 16:32:52,-9.8414,-39.4817,87.6,38,22,10.09
81,Celestun,MX,2021-06-01 16:32:53,20.8667,-90.4,88.43,52,85,4.45
82,Sakakah,SA,2021-06-01 16:32:54,29.9697,40.2064,103.57,11,54,6.89
83,Buraydah,SA,2021-06-01 16:31:56,26.326,43.975,104.45,10,0,13.29
84,Poso,ID,2021-06-01 16:32:56,-1.3959,120.7524,77.07,87,100,4.29
85,Leningradskiy,RU,2021-06-01 16:32:56,69.3833,178.4167,27.34,90,70,13.24
86,The Valley,AI,2021-06-01 16:32:57,18.217,-63.0578,87.66,65,40,16.11
87,Lagoa,PT,2021-06-01 16:32:57,39.05,-27.9833,59.31,58,57,15.03
88,Hermanus,ZA,2021-06-01 16:32:57,-34.4187,19.2345,58.89,80,7,3.58
89,Puerto Ayora,EC,2021-06-01 16:31:14,-0.7393,-90.3518,76.55,86,95,5.99
90,Gambela,ET,2021-06-01 16:32:58,8.25,34.5833,71.28,95,96,4.45
91,Lompoc,US,2021-06-01 16:32:58,34.6391,-120.4579,76.14,100,90,4.05
92,Verkhniye Kigi,RU,2021-06-01 16:32:59,55.4083,58.6044,57.18,86,100,2.89
93,Kutum,SD,2021-06-01 16:32:59,14.2,24.6667,94.37,12,82,10.94
94,Faanui,PF,2021-06-01 16:33:00,-16.4833,-151.75,79.27,73,64,14.79
95,Verkhovazhye,RU,2021-06-01 16:33:00,60.7472,42.0465,51.76,78,100,4.27
96,Hoquiam,US,2021-06-01 16:33:00,46.9809,-123.8893,78.06,75,1,0.0
97,Bilma,NE,2021-06-01 16:33:01,18.6853,12.9164,104.59,5,97,12.21
98,Ancud,CL,2021-06-01 16:33:01,-41.8697,-73.8203,54.43,70,51,6.76
99,Kayes,ML,2021-06-01 16:33:02,14.0,-11.0,99.63,25,66,7.4
100,Sitka,US,2021-06-01 16:29:41,57.0531,-135.33,51.69,87,90,5.75
101,Sabaudia,IT,2021-06-01 16:33:03,41.3003,13.0282,75.33,61,29,5.64
102,Torbay,CA,2021-06-01 16:33:03,47.6666,-52.7314,65.17,93,90,19.57
103,Codrington,AU,2021-06-01 16:33:04,-38.2667,141.9667,53.28,56,100,6.55
104,Bambous Virieux,MU,2021-06-01 16:33:04,-20.3428,57.7575,71.22,100,75,14.09
105,Beyneu,KZ,2021-06-01 16:33:04,45.3167,55.2,85.48,29,0,4.05
106,Nhulunbuy,AU,2021-06-01 16:33:05,-12.2333,136.7667,75.81,88,40,5.75
107,New Norfolk,AU,2021-06-01 16:33:05,-42.7826,147.0587,54.57,71,81,1.99
108,San Juan,AR,2021-06-01 16:33:06,-31.5375,-68.5364,74.01,20,84,5.95
109,Carnarvon,AU,2021-06-01 16:33:06,-24.8667,113.6333,53.67,87,81,8.05
110,Lorengau,PG,2021-06-01 16:33:07,-2.0226,147.2712,78.42,85,100,2.26
111,Acapulco,MX,2021-06-01 16:32:46,16.8634,-99.8901,89.42,62,40,7.18
112,Nizhniy Odes,RU,2021-06-01 16:33:07,63.6445,54.856,43.92,40,36,7.09
113,Beisfjord,NO,2021-06-01 16:33:08,68.3751,17.5988,68.05,57,0,5.26
114,Avarua,CK,2021-06-01 16:33:08,-21.2078,-159.775,66.25,94,75,1.14
115,Verkhnevilyuysk,RU,2021-06-01 16:33:09,63.4453,120.3167,50.34,90,92,3.09
116,Antigonish,CA,2021-06-01 16:30:06,45.6169,-61.9986,60.15,85,100,3.0
117,Fairbanks,US,2021-06-01 16:31:17,64.8378,-147.7164,57.16,86,90,4.61
118,Phonhong,LA,2021-06-01 16:33:09,18.5007,102.4166,82.63,73,89,0.92
119,Anadyr,RU,2021-06-01 16:33:10,64.75,177.4833,28.9,86,0,2.84
120,Vestmannaeyjar,IS,2021-06-01 16:33:10,63.4427,-20.2734,49.19,71,40,18.41
121,Lebu,CL,2021-06-01 16:33:11,-37.6167,-73.65,57.36,98,100,5.1
122,Rosario,AR,2021-06-01 16:33:11,-32.9468,-60.6393,70.83,39,0,4.0
123,Otjiwarongo,NA,2021-06-01 16:29:14,-20.4637,16.6477,68.13,19,0,7.31
124,Kalispell,US,2021-06-01 16:33:12,48.1958,-114.3129,66.67,60,1,1.99
125,Ilulissat,GL,2021-06-01 16:33:12,69.2167,-51.1,35.62,75,20,9.22
126,Atar,MR,2021-06-01 16:33:13,20.5169,-13.0499,106.16,15,63,9.55
127,Eydhafushi,MV,2021-06-01 16:33:13,5.1033,73.0708,83.26,68,77,16.91
128,Romny,UA,2021-06-01 16:33:14,50.751,33.4747,50.7,78,100,15.93
129,Saskylakh,RU,2021-06-01 16:33:14,71.9167,114.0833,35.71,82,100,7.25
130,Katsuura,JP,2021-06-01 16:33:15,35.1333,140.3,70.11,84,54,7.63
131,Sorong,ID,2021-06-01 16:33:15,-0.8833,131.25,78.28,90,70,5.61
132,Necochea,AR,2021-06-01 16:33:15,-38.5473,-58.7368,62.04,63,100,15.99
133,Caravelas,BR,2021-06-01 16:33:16,-17.7125,-39.2481,80.91,61,13,7.05
134,North Bend,US,2021-06-01 16:33:16,43.4065,-124.2243,66.85,88,1,5.75
135,Leopold,AU,2021-06-01 16:33:17,-38.1833,144.4667,52.84,78,99,1.01
136,Praia Da Vitoria,PT,2021-06-01 16:33:17,38.7333,-27.0667,64.76,63,40,15.84
137,Tuatapere,NZ,2021-06-01 16:33:18,-46.1333,167.6833,49.82,85,79,5.26
138,Huarmey,PE,2021-06-01 16:33:18,-10.0681,-78.1522,69.82,76,100,11.43
139,Hamilton,US,2021-06-01 16:28:56,39.1834,-84.5333,74.23,60,1,3.78
140,Ust-Nera,RU,2021-06-01 16:33:19,64.5667,143.2,45.0,75,100,4.9
141,Jalingo,NG,2021-06-01 16:33:19,8.8833,11.3667,84.9,63,100,1.99
142,Chuy,UY,2021-06-01 16:33:19,-33.6971,-53.4616,66.54,49,90,13.71
143,Kavieng,PG,2021-06-01 16:33:20,-2.5744,150.7967,77.14,90,100,6.58
144,Zhezkazgan,KZ,2021-06-01 16:33:20,47.8043,67.7144,73.99,53,0,7.87
145,Aykhal,RU,2021-06-01 16:33:21,66.0,111.5,58.21,66,100,8.12
146,Bethel,US,2021-06-01 16:33:21,41.3712,-73.414,75.4,57,1,0.0
147,Kaitangata,NZ,2021-06-01 16:33:22,-46.2817,169.8464,45.93,69,84,9.93
148,Vallenar,CL,2021-06-01 16:33:22,-28.5708,-70.7581,86.45,9,17,4.47
149,Kelo,TD,2021-06-01 16:33:23,9.3086,15.8066,86.11,45,100,2.04
150,Joao Pessoa,BR,2021-06-01 16:32:36,-7.115,-34.8631,84.43,70,75,10.87
151,Huanren,CN,2021-06-01 16:33:23,41.2647,125.3667,56.55,99,86,2.93
152,Lata,PT,2021-06-01 16:33:24,40.1629,-8.3327,64.81,64,94,7.67
153,Gamba,GA,2021-06-01 16:33:24,-2.65,10.0,77.32,82,100,4.56
154,Coihaique,CL,2021-06-01 16:33:25,-45.5752,-72.0662,48.15,57,40,4.61
155,Concepcion,CL,2021-06-01 16:30:26,-36.827,-73.0498,60.6,100,90,9.22
156,Rossland,CA,2021-06-01 16:33:25,49.0831,-117.8022,72.91,39,76,1.45
157,Katherine,AU,2021-06-01 16:33:26,-14.4667,132.2667,77.32,69,91,6.78
158,Mandalgovi,MN,2021-06-01 16:33:26,45.7625,106.2708,39.18,45,1,7.96
159,Iqaluit,CA,2021-06-01 16:33:27,63.7506,-68.5145,31.73,100,90,5.99
160,Padang,ID,2021-06-01 16:33:27,-0.9492,100.3543,78.66,85,72,3.33
161,Mansa,IN,2021-06-01 16:33:27,29.9833,75.3833,91.24,31,86,2.73
162,Namibe,AO,2021-06-01 16:33:28,-15.1961,12.1522,72.72,77,90,6.98
163,Horta,PT,2021-06-01 16:33:28,38.5333,-28.6333,62.24,59,75,12.66
164,Narsaq,GL,2021-06-01 16:33:29,60.9167,-46.05,57.42,47,44,6.46
165,Gostinu,RO,2021-06-01 16:33:29,44.0,26.1167,53.6,94,100,6.98
166,Ribeira Grande,PT,2021-06-01 16:33:29,38.5167,-28.7,63.0,59,75,12.66
167,Tura,IN,2021-06-01 16:33:30,25.5198,90.2201,73.85,95,78,5.19
168,Ankazobe,MG,2021-06-01 16:33:30,-18.3167,47.1167,61.21,81,93,7.11
169,Flores Da Cunha,BR,2021-06-01 16:33:31,-29.0289,-51.1817,68.67,39,0,2.86
170,Balakhta,RU,2021-06-01 16:33:31,55.38,91.6,52.66,62,52,3.76
171,Mende,FR,2021-06-01 16:33:32,44.6667,3.5,57.61,66,91,9.64
172,San Vicente,AR,2021-06-01 16:33:32,-26.6167,-54.1333,74.44,36,4,4.68
173,Bredasdorp,ZA,2021-06-01 16:33:33,-34.5322,20.0403,56.52,82,23,3.29
174,Kedrovyy,RU,2021-06-01 16:33:33,56.1667,91.8167,48.61,66,77,4.07
175,Jumla,NP,2021-06-01 16:33:34,29.2747,82.1838,56.43,85,90,4.63
176,Dunedin,NZ,2021-06-01 16:32:27,-45.8742,170.5036,44.83,71,79,6.91
177,Mount Isa,AU,2021-06-01 16:33:34,-20.7333,139.5,60.57,63,67,0.0
178,Sistranda,NO,2021-06-01 16:33:35,63.7256,8.834,71.56,68,16,4.92
179,Paulo Afonso,BR,2021-06-01 16:33:35,-9.4061,-38.2147,87.08,49,61,8.57
180,Saint-Joseph,RE,2021-06-01 16:33:35,-21.3667,55.6167,73.78,78,42,11.59
181,Cap Malheureux,MU,2021-06-01 16:33:36,-19.9842,57.6142,71.47,80,90,4.0
182,Carballo,ES,2021-06-01 16:33:36,43.213,-8.691,67.08,77,26,8.21
183,Labytnangi,RU,2021-06-01 16:32:15,66.6572,66.4183,37.94,53,69,12.44
184,Castro,BR,2021-06-01 16:33:37,-24.7911,-50.0119,68.25,55,2,4.81
185,Itarema,BR,2021-06-01 16:30:00,-2.9248,-39.9167,85.78,64,17,12.15
186,Realeza,BR,2021-06-01 16:33:37,-25.7689,-53.5325,77.92,38,0,3.38
187,Leh,IN,2021-06-01 16:33:38,34.1667,77.5833,45.46,69,100,3.18
188,Cayenne,GF,2021-06-01 16:28:42,4.9333,-52.3333,80.1,87,75,1.01
189,Hilo,US,2021-06-01 16:33:39,19.7297,-155.09,74.8,90,75,4.61
190,Grand Forks,US,2021-06-01 16:29:29,47.9417,-97.4337,75.13,24,75,11.5
191,Sumbe,AO,2021-06-01 16:33:39,-11.2061,13.8437,76.93,85,85,7.61
192,Nabire,ID,2021-06-01 16:33:41,-3.3667,135.4833,76.98,93,100,3.31
193,Chokurdakh,RU,2021-06-01 16:33:41,70.6333,147.9167,55.24,48,8,6.26
194,Te Anau,NZ,2021-06-01 16:33:42,-45.4167,167.7167,44.67,90,100,4.32
195,Erenhot,CN,2021-06-01 16:33:42,43.6475,111.9767,47.43,60,75,11.34
196,Elat,IL,2021-06-01 16:33:43,29.5581,34.9482,105.64,14,0,16.11
197,Husavik,IS,2021-06-01 16:33:43,66.0449,-17.3389,48.11,80,100,2.55
198,Mumford,GH,2021-06-01 16:33:44,5.2618,-0.759,82.08,74,100,9.57
199,Korla,CN,2021-06-01 16:33:44,41.7597,86.1469,73.58,39,96,13.58
200,Quatre Cocos,MU,2021-06-01 16:33:44,-20.2078,57.7625,71.1,78,97,14.0
201,Hanzhong,CN,2021-06-01 16:33:45,33.0728,107.0303,67.86,71,84,1.01
202,Pascagoula,US,2021-06-01 16:33:45,30.3658,-88.5561,87.57,69,1,12.35
203,Touros,BR,2021-06-01 16:33:46,-5.1989,-35.4608,86.9,58,2,15.12
204,Bhilwara,IN,2021-06-01 16:33:46,25.35,74.6333,92.01,28,90,9.82
205,Minot,US,2021-06-01 16:32:38,48.2325,-101.2963,75.79,33,1,5.75
206,Maarianhamina,AX,2021-06-01 16:33:47,60.0973,19.9348,62.46,51,0,8.05
207,Menongue,AO,2021-06-01 16:33:47,-14.6585,17.691,63.14,26,95,2.44
208,Dunda,TZ,2021-06-01 16:33:48,-8.1167,34.25,67.93,52,63,4.85
209,Saint Leonard,CA,2021-06-01 16:33:48,47.173,-67.9247,64.83,81,100,8.77
210,Skibbereen,IE,2021-06-01 16:33:48,51.55,-9.2667,67.8,75,59,3.87
211,Turukhansk,RU,2021-06-01 16:33:49,65.8167,87.9833,31.78,88,59,2.48
212,Bengkulu,ID,2021-06-01 16:33:50,-3.8004,102.2655,76.57,89,86,3.53
213,Mahon,ES,2021-06-01 16:33:50,39.8885,4.2658,72.16,78,20,9.22
214,Chicama,PE,2021-06-01 16:33:51,-7.8447,-79.1469,64.94,66,84,8.21
215,Halifax,CA,2021-06-01 16:31:54,44.6453,-63.5724,60.53,88,90,1.99
216,Pevek,RU,2021-06-01 16:33:51,69.7008,170.3133,35.98,68,10,2.3
217,Amuntai,ID,2021-06-01 16:33:52,-2.4177,115.2494,75.31,94,52,1.07
218,Diffa,NE,2021-06-01 16:33:52,13.3154,12.6113,102.47,12,44,4.38
219,Souillac,MU,2021-06-01 16:33:52,-20.5167,57.5167,71.37,100,75,10.47
220,Karratha,AU,2021-06-01 16:33:53,-20.7377,116.8463,71.58,30,91,16.42
221,Upata,VE,2021-06-01 16:33:53,8.0086,-62.3989,82.18,72,88,6.89
222,Copiapo,CL,2021-06-01 16:33:54,-27.3667,-70.3333,49.69,16,1,5.3
223,Joshimath,IN,2021-06-01 16:33:54,30.5667,79.5667,61.83,84,96,1.66
224,Kruisfontein,ZA,2021-06-01 16:33:55,-34.0033,24.7314,56.88,77,24,14.14
225,Zhanaozen,KZ,2021-06-01 16:33:55,43.3,52.8,84.88,27,0,9.95
226,Malakal,SS,2021-06-01 16:33:56,9.5334,31.6605,95.49,28,93,6.11
227,Neuquen,AR,2021-06-01 16:29:14,-38.9516,-68.0591,66.09,48,40,12.66
228,Sibolga,ID,2021-06-01 16:33:57,1.7427,98.7792,78.06,84,92,3.69
229,Bemidji,US,2021-06-01 16:33:57,47.4736,-94.8803,75.15,37,1,3.44
230,Aklavik,CA,2021-06-01 16:33:57,68.2191,-135.0107,32.72,86,90,8.05
231,Catabola,AO,2021-06-01 16:33:58,-12.15,17.2833,63.3,26,88,0.94
232,Hyvinkaa,FI,2021-06-01 16:33:58,60.6333,24.8667,63.68,64,91,0.63
233,Quibdo,CO,2021-06-01 16:31:19,5.6947,-76.6611,85.37,72,100,1.83
234,Vostok,RU,2021-06-01 16:33:59,46.4856,135.8833,49.08,97,100,2.55
235,Galveston,US,2021-06-01 16:31:27,29.3669,-94.9669,85.03,83,20,5.01
236,Lamu,KE,2021-06-01 16:34:00,-2.2717,40.902,79.02,78,93,11.45
237,Remedios,CU,2021-06-01 16:34:00,22.4947,-79.5458,85.12,70,4,14.61
238,Lakes Entrance,AU,2021-06-01 16:34:01,-37.8811,147.981,44.19,60,100,5.1
239,Upernavik,GL,2021-06-01 16:34:01,72.7868,-56.1549,31.48,85,54,3.42
240,Ulaanbaatar,MN,2021-06-01 16:31:18,47.9077,106.8832,39.33,56,75,5.39
241,Khargupur,IN,2021-06-01 16:34:02,27.3833,81.9833,92.68,38,0,1.12
242,Nazret,ET,2021-06-01 16:34:02,8.55,39.2667,74.03,44,11,6.08
243,Zaraza,VE,2021-06-01 16:34:03,9.3503,-65.3245,86.88,53,96,6.2
244,Hasaki,JP,2021-06-01 16:34:03,35.7333,140.8333,60.19,79,62,7.87
245,Clyde River,CA,2021-06-01 16:34:04,70.4692,-68.5914,26.83,100,90,3.44
246,Klaksvik,FO,2021-06-01 16:34:04,62.2266,-6.589,49.12,78,100,17.52
247,Saint-Augustin,CA,2021-06-01 16:34:05,51.226,-58.6502,47.82,91,100,8.88
248,Barcelos,PT,2021-06-01 16:29:57,41.5388,-8.6151,67.84,76,100,7.11
249,Aasiaat,GL,2021-06-01 16:34:06,68.7098,-52.8699,34.63,82,16,10.69
250,Sioux Lookout,CA,2021-06-01 16:34:06,50.1001,-91.917,69.87,37,75,9.22
251,Esperance,AU,2021-06-01 16:34:06,-33.8667,121.9,55.24,75,95,8.63
252,Mitu,CO,2021-06-01 16:33:20,1.1983,-70.1733,81.97,79,85,2.84
253,Vardo,NO,2021-06-01 16:34:07,70.3705,31.1107,55.6,71,0,23.02
254,Puli,TW,2021-06-01 16:34:07,23.9664,120.9695,76.8,93,82,3.6
255,Olafsvik,IS,2021-06-01 16:34:08,64.8945,-23.7142,46.04,76,83,16.58
256,Victoria,HK,2021-06-01 16:31:43,22.2855,114.1577,79.32,92,99,15.99
257,Palmer,US,2021-06-01 16:34:09,42.1584,-72.3287,74.98,55,75,5.91
258,Port Hardy,CA,2021-06-01 16:30:06,50.6996,-127.4199,59.18,88,75,2.3
259,Grand Gaube,MU,2021-06-01 16:34:09,-20.0064,57.6608,70.2,75,92,17.6
260,Batalha,BR,2021-06-01 16:34:10,-9.6778,-37.1247,80.53,77,62,8.77
261,Richards Bay,ZA,2021-06-01 16:34:10,-28.783,32.0377,63.07,77,100,8.7
262,Monte Alegre De Sergipe,BR,2021-06-01 16:34:11,-10.0272,-37.5622,79.75,73,60,8.95
263,Udachnyy,RU,2021-06-01 16:34:11,66.4167,112.4,58.84,66,100,7.54
264,Puerto Escondido,MX,2021-06-01 16:34:11,15.85,-97.0667,88.63,66,75,5.75
265,Oranjemund,NA,2021-06-01 16:34:12,-28.55,16.4333,58.95,68,0,19.24
266,Macamic,CA,2021-06-01 16:34:12,48.7502,-78.9996,68.23,47,58,12.24
267,San Javier,ES,2021-06-01 16:34:13,37.8063,-0.8374,80.64,67,20,5.75
268,Ocampo,MX,2021-06-01 16:34:13,21.65,-101.5,78.28,34,90,7.85
269,Tasiilaq,GL,2021-06-01 16:34:14,65.6145,-37.6368,35.76,64,29,3.36
270,Noumea,NC,2021-06-01 16:34:14,-22.2763,166.4572,70.0,99,98,7.56
271,Dikson,RU,2021-06-01 16:34:14,73.5069,80.5464,31.96,98,100,8.84
272,Port Lincoln,AU,2021-06-01 16:34:15,-34.7333,135.8667,60.03,74,92,2.91
273,Cidreira,BR,2021-06-01 16:34:15,-30.1811,-50.2056,66.69,48,9,6.15
274,Komsomolskiy,UZ,2021-06-01 16:34:16,40.4272,71.7189,86.72,25,64,4.61
275,Tucupita,VE,2021-06-01 16:34:16,9.0622,-62.051,89.53,49,52,6.2
276,Prainha,BR,2021-06-01 16:34:16,-1.8,-53.48,89.55,52,14,2.77
277,Chipata,ZM,2021-06-01 16:34:17,-13.6333,32.65,64.2,78,79,4.79
278,Mareeba,AU,2021-06-01 16:34:17,-17.0,145.4333,65.12,94,87,2.26
279,Lokosovo,RU,2021-06-01 16:34:18,61.1333,74.8167,46.94,60,17,7.18
280,Cockburn Town,TC,2021-06-01 16:34:18,21.4612,-71.1419,82.36,69,40,12.66
281,Islahiye,TR,2021-06-01 16:34:18,37.025,36.6306,74.98,62,0,5.7
282,Quang Ngai,VN,2021-06-01 16:34:19,15.1167,108.8,78.66,82,98,4.9
283,Shaunavon,CA,2021-06-01 16:34:19,49.6501,-108.4181,69.58,43,99,8.66
284,Half Moon Bay,US,2021-06-01 16:30:06,37.4636,-122.4286,77.92,77,90,13.8
285,Okara,PK,2021-06-01 16:34:20,30.8081,73.4458,83.12,53,36,5.1
286,Kirovskiy,RU,2021-06-01 16:34:21,45.0917,133.5136,53.04,91,97,5.97
287,Rio Gallegos,AR,2021-06-01 16:31:28,-51.6226,-69.2181,28.45,93,75,9.22
288,Kuznechikha,RU,2021-06-01 16:34:21,57.2161,42.3348,53.38,65,91,4.14
289,Iskateley,RU,2021-06-01 16:34:22,67.6803,53.1512,35.96,71,100,22.24
290,Sault Sainte Marie,CA,2021-06-01 16:31:58,46.5168,-84.3333,70.09,49,1,3.44
291,Tual,ID,2021-06-01 16:34:22,-5.6667,132.75,81.39,79,58,19.01
292,Turinskaya Sloboda,RU,2021-06-01 16:33:06,57.6232,64.3858,50.67,50,75,1.74
293,Arlit,NE,2021-06-01 16:34:23,18.7369,7.3853,109.2,5,35,13.51
294,Katobu,ID,2021-06-01 16:34:23,-4.9408,122.5276,74.52,92,43,4.29
295,Sechura,PE,2021-06-01 16:34:24,-5.5569,-80.8222,76.78,59,93,10.45
296,Arraial Do Cabo,BR,2021-06-01 16:34:25,-22.9661,-42.0278,76.96,73,20,8.05
297,Cherskiy,RU,2021-06-01 16:33:10,68.75,161.3,57.67,41,7,2.59
298,Vestmanna,FO,2021-06-01 16:34:25,62.1564,-7.1664,47.32,87,40,16.35
299,Loandjili,CG,2021-06-01 16:34:26,-4.7561,11.8578,77.88,82,89,5.86
300,Caucaia,BR,2021-06-01 16:34:26,-3.7361,-38.6531,87.75,66,40,9.28
301,Viedma,AR,2021-06-01 16:34:27,-40.8135,-62.9967,60.15,41,100,23.78
302,Robertsport,LR,2021-06-01 16:34:27,6.7533,-11.3686,82.38,76,89,9.66
303,Nova Olimpia,BR,2021-06-01 16:34:27,-14.7972,-57.2881,93.67,32,92,3.27
304,Srednekolymsk,RU,2021-06-01 16:34:28,67.45,153.6833,55.33,41,90,2.59
305,Antofagasta,CL,2021-06-01 16:34:28,-23.65,-70.4,69.22,57,1,6.44
306,Port Hedland,AU,2021-06-01 16:34:29,-20.3167,118.5667,66.25,48,96,8.05
307,Ternate,ID,2021-06-01 16:34:29,0.8,127.4,81.39,79,99,3.67
308,Maribo,DK,2021-06-01 16:34:30,54.7766,11.5002,61.99,64,79,8.61
309,Khuzhir,RU,2021-06-01 16:34:30,53.1939,107.3397,40.78,93,99,2.62
310,Nikolskoye,RU,2021-06-01 16:34:31,59.7035,30.7861,62.49,64,98,4.12
311,Zhengjiatun,CN,2021-06-01 16:34:31,43.5064,123.5064,64.72,36,100,11.79
312,Saldanha,ZA,2021-06-01 16:33:30,-33.0117,17.9442,59.05,84,0,11.03
313,Barlinek,PL,2021-06-01 16:34:32,52.9946,15.2186,67.96,65,100,12.41
314,Yulara,AU,2021-06-01 16:34:32,-25.2406,130.9889,57.04,62,75,10.36
315,Tay Ninh,VN,2021-06-01 16:34:32,11.3,106.1,80.19,80,96,6.49
316,Ubatuba,BR,2021-06-01 16:34:33,-23.4339,-45.0711,81.93,68,6,4.03
317,Evensk,RU,2021-06-01 16:34:33,61.95,159.2333,44.67,68,93,7.38
318,Plateros,MX,2021-06-01 16:34:34,23.2167,-102.85,69.12,27,99,4.34
319,Manga,BF,2021-06-01 16:34:34,11.6636,-1.0731,102.67,20,92,7.52
320,Nemuro,JP,2021-06-01 16:34:35,43.3236,145.575,43.38,88,79,8.48
321,Nawalapitiya,LK,2021-06-01 16:34:35,7.0559,80.5348,70.18,96,49,1.72
322,Broken Hill,AU,2021-06-01 16:34:36,-31.95,141.4333,55.11,71,90,14.97
323,Freeport,US,2021-06-01 16:34:36,40.6576,-73.5832,77.31,54,1,3.0
324,Betare Oya,CM,2021-06-01 16:34:37,5.6,14.0833,70.27,84,98,1.57
325,Ayan,RU,2021-06-01 16:34:37,56.45,138.1667,36.57,99,92,12.44
326,Mackay,AU,2021-06-01 16:34:38,-21.15,149.2,65.68,94,90,5.75
327,Tanggu,CN,2021-06-01 16:34:38,39.0211,117.6469,67.96,87,67,13.49
328,Wiwili,NI,2021-06-01 16:34:39,13.6268,-85.8254,86.74,39,74,10.09
329,Mount Gambier,AU,2021-06-01 16:34:39,-37.8333,140.7667,49.91,66,75,9.22
330,Yuksekova,TR,2021-06-01 16:34:39,37.5736,44.2872,70.43,33,0,6.8
331,Gigmoto,PH,2021-06-01 16:34:40,13.7796,124.39,81.41,88,100,12.62
332,Catalina Foothills,US,2021-06-01 16:34:40,32.2979,-110.9187,90.16,20,1,1.99
333,Indramayu,ID,2021-06-01 16:34:41,-6.3264,108.32,80.47,82,61,4.92
334,Shimoda,JP,2021-06-01 16:34:41,34.6667,138.95,69.17,88,90,2.42
335,Labrea,BR,2021-06-01 16:34:41,-7.2586,-64.7981,94.12,36,28,3.29
336,Lebanon,US,2021-06-01 16:31:01,36.2081,-86.2911,78.69,64,20,8.05
337,Tilichiki,RU,2021-06-01 16:34:42,60.4667,166.1,36.54,71,48,1.63
338,Piritiba,BR,2021-06-01 16:34:43,-11.7303,-40.5553,84.43,42,42,7.43
339,Teya,RU,2021-06-01 16:34:43,60.3778,92.6267,54.93,57,98,5.37
340,Oriximina,BR,2021-06-01 16:34:44,-1.7656,-55.8661,85.6,67,51,4.05
341,Mnogovershinnyy,RU,2021-06-01 16:34:44,53.9353,139.9242,50.05,72,16,5.53
342,Mecca,SA,2021-06-01 16:34:44,21.4267,39.8261,99.59,21,11,7.05
343,Zhigansk,RU,2021-06-01 16:34:45,66.7697,123.3711,54.9,50,100,4.18
344,Shenzhen,CN,2021-06-01 16:34:46,22.5455,114.0683,79.21,94,100,4.29
345,Mahebourg,MU,2021-06-01 16:34:46,-20.4081,57.7,70.09,100,75,2.3
346,Tamandare,BR,2021-06-01 16:34:46,-8.7597,-35.1047,81.84,62,33,8.03
347,Tongren,CN,2021-06-01 16:34:47,27.7172,109.1853,73.42,89,98,1.05
348,La Ligua,CL,2021-06-01 16:34:47,-32.4524,-71.2311,62.38,25,100,5.28
349,Bondoukou,CI,2021-06-01 16:34:48,8.0333,-2.8,87.66,58,70,3.51
350,Libertador General San Martin,AR,2021-06-01 16:34:48,-23.8064,-64.7876,70.97,34,0,4.25
351,Alice Springs,AU,2021-06-01 16:31:13,-23.7,133.8833,60.35,31,90,2.21
352,Coquimbo,CL,2021-06-01 16:34:49,-29.9533,-71.3436,64.13,67,0,7.56
353,Sur,OM,2021-06-01 16:34:49,22.5667,59.5289,94.71,36,0,7.65
354,Tekeli,KZ,2021-06-01 16:34:50,44.83,78.8239,62.89,44,0,8.95
355,Belmonte,BR,2021-06-01 16:34:50,-15.8631,-38.8828,82.9,64,83,6.51
356,Santa Maria,BR,2021-06-01 16:31:33,-29.6842,-53.8069,69.1,52,0,3.8
357,Merke,KZ,2021-06-01 16:34:51,42.8728,73.1786,72.37,47,34,10.49
358,Tingi,TZ,2021-06-01 16:34:51,-11.3,35.0333,60.49,95,64,3.96
359,Nazas,MX,2021-06-01 16:34:52,25.2333,-104.1333,86.13,28,10,3.51
360,Buala,SB,2021-06-01 16:34:52,-8.145,159.5921,80.46,85,98,7.47
361,Port Blair,IN,2021-06-01 16:34:52,11.6667,92.75,83.34,77,10,5.14
362,Japura,ID,2021-06-01 16:34:53,-0.3167,102.35,76.69,91,94,2.62
363,Lesozavodsk,RU,2021-06-01 16:34:53,45.4794,133.4244,54.05,85,92,13.89
364,Paragominas,BR,2021-06-01 16:34:54,-2.9667,-47.4833,90.46,47,20,4.43
365,Coos Bay,US,2021-06-01 16:34:54,43.3665,-124.2179,76.86,88,1,5.75
366,Rognan,NO,2021-06-01 16:34:55,67.0953,15.3878,68.76,43,8,8.14
367,Praia,CV,2021-06-01 16:34:55,14.9215,-23.5087,81.14,57,75,13.8
368,Gvardeysk,RU,2021-06-01 16:34:56,54.6477,21.0651,59.05,91,100,6.89
369,Portree,GB,2021-06-01 16:34:56,57.4129,-6.1942,53.53,69,100,4.68
370,Rafaela,AR,2021-06-01 16:34:57,-31.2503,-61.4867,74.05,27,43,5.01
371,Kahului,US,2021-06-01 16:34:57,20.8947,-156.47,80.83,77,20,4.61
372,Inirida,CO,2021-06-01 16:34:57,3.8653,-67.9239,73.22,99,100,1.07
373,Saint George,US,2021-06-01 16:34:58,37.1041,-113.5841,90.07,14,1,1.01
374,La Peca,PE,2021-06-01 16:34:58,-5.6111,-78.435,82.13,56,81,2.71
375,Kalaleh,IR,2021-06-01 16:34:59,37.3807,55.4916,83.8,51,0,4.61
376,Ossora,RU,2021-06-01 16:34:59,59.2353,163.0719,38.59,74,100,3.71
377,Purranque,CL,2021-06-01 16:35:00,-40.9167,-73.1667,52.93,82,96,5.03
378,Nanortalik,GL,2021-06-01 16:35:00,60.1432,-45.2371,39.63,81,76,10.69
379,Cedar Rapids,US,2021-06-01 16:32:54,42.0083,-91.6441,74.35,73,41,3.0
380,Hillsboro,US,2021-06-01 16:31:29,45.5229,-122.9898,77.41,57,1,1.01
381,Karasjok,NO,2021-06-01 16:35:01,69.4719,25.5112,60.91,53,61,12.06
382,Sao Bernardo,BR,2021-06-01 16:35:03,-3.3614,-42.4178,89.65,54,14,2.19
383,Hovd,MN,2021-06-01 16:35:04,48.0056,91.6419,53.67,25,0,2.71
384,Sao Joao Da Barra,BR,2021-06-01 16:35:04,-21.6403,-41.0511,78.89,70,97,6.89
385,Port Macquarie,AU,2021-06-01 16:35:04,-31.4333,152.9167,51.39,86,86,4.25
386,Aksay,RU,2021-06-01 16:35:05,47.26,39.87,72.59,93,57,7.0
387,Kousseri,CM,2021-06-01 16:35:05,12.0769,15.0306,94.96,34,20,14.97
388,Tiksi,RU,2021-06-01 16:35:06,71.6872,128.8694,37.2,92,99,4.79
389,Muroto,JP,2021-06-01 16:35:06,33.2833,134.15,68.47,86,85,8.23
390,Port Elizabeth,ZA,2021-06-01 16:35:07,-33.918,25.5701,61.09,82,20,14.97
391,Huadian,CN,2021-06-01 16:35:07,42.9633,126.7478,51.49,94,67,2.37
392,Kingston,JM,2021-06-01 16:33:03,17.997,-76.7936,86.95,64,20,1.99
393,Ulstrup,DK,2021-06-01 16:35:08,56.3899,9.7935,68.2,71,83,7.27
394,Puerto Lleras,CO,2021-06-01 16:35:08,3.0223,-73.4044,83.7,66,90,2.21
395,Smithers,CA,2021-06-01 16:35:09,54.7804,-127.1743,57.52,82,90,5.75
396,Sao Filipe,CV,2021-06-01 16:35:09,14.8961,-24.4956,74.97,75,99,10.83
397,Narasannapeta,IN,2021-06-01 16:35:10,18.4167,84.05,85.91,77,18,7.43
398,Moron,AR,2021-06-01 16:32:49,-34.6534,-58.6198,64.83,58,90,4.0
399,Guerrero Negro,MX,2021-06-01 16:35:10,27.9769,-114.0611,69.44,54,2,8.43
400,Vila Franca Do Campo,PT,2021-06-01 16:35:11,37.7167,-25.4333,64.81,61,15,15.35
401,Nakamura,JP,2021-06-01 16:35:11,32.9833,132.9333,63.3,97,89,3.4
402,Airai,TL,2021-06-01 16:35:12,-8.9266,125.4092,58.12,95,92,2.17
403,Kysyl-Syr,RU,2021-06-01 16:35:12,63.8986,122.7617,50.2,58,65,2.84
404,Neverkino,RU,2021-06-01 16:35:12,52.7854,46.7417,55.58,86,100,9.51
405,Comodoro Rivadavia,AR,2021-06-01 16:32:20,-45.8667,-67.5,48.06,57,20,14.97
406,Saint-Francois,FR,2021-06-01 16:35:13,46.4154,3.9054,81.84,36,0,9.22
407,Krasnaya Gora,RU,2021-06-01 16:35:13,52.9995,31.6023,62.51,71,92,4.81
408,Ishigaki,JP,2021-06-01 16:35:14,24.3448,124.1572,81.7,85,78,10.78
409,Alyangula,AU,2021-06-01 16:35:14,-13.8483,136.4192,76.87,78,90,9.13
410,Barra Do Bugres,BR,2021-06-01 16:35:15,-15.0725,-57.1811,93.74,32,96,2.59
411,Peruibe,BR,2021-06-01 16:32:18,-24.32,-46.9983,72.37,72,43,3.49
412,Neiafu,TO,2021-06-01 16:35:15,-18.65,-173.9833,70.48,94,90,0.0
413,San Patricio,US,2021-06-01 16:35:16,28.017,-97.5169,79.86,62,95,11.79
414,Bereda,ES,2021-06-01 16:35:16,43.2686,-7.5406,73.42,59,25,8.12
415,Yar-Sale,RU,2021-06-01 16:35:17,66.8333,70.8333,33.8,90,100,18.19
416,Bennettsville,US,2021-06-01 16:35:17,34.6174,-79.6848,83.08,43,1,1.99
417,Ushirombo,TZ,2021-06-01 16:35:17,-3.4919,31.9639,74.12,57,97,2.39
418,Provideniya,RU,2021-06-01 16:35:18,64.3833,-173.3,35.08,58,2,12.39
419,Taoudenni,ML,2021-06-01 16:35:18,22.6783,-3.9836,113.95,6,33,3.89
420,Honiara,SB,2021-06-01 16:35:19,-9.4333,159.95,77.97,90,81,4.43
421,Geraldton,AU,2021-06-01 16:31:17,-28.7667,114.6,55.81,88,0,8.75
422,Badin,PK,2021-06-01 16:35:19,24.656,68.8384,85.66,74,1,18.19
423,Palauig,PH,2021-06-01 16:35:20,15.435,119.9045,82.85,79,100,7.2
424,Tarko-Sale,RU,2021-06-01 16:35:20,64.9225,77.785,48.0,61,53,14.88
425,Maniitsoq,GL,2021-06-01 16:35:21,65.4167,-52.9,38.52,79,54,8.12
426,Tubuala,PA,2021-06-01 16:35:21,9.5167,-79.0333,87.91,78,87,7.27
427,Riberalta,BO,2021-06-01 16:35:22,-10.9833,-66.1,80.8,69,75,0.54
428,Poum,NC,2021-06-01 16:35:22,-20.2333,164.0167,72.27,58,98,9.31
429,Kavaratti,IN,2021-06-01 16:35:23,10.5669,72.642,83.48,77,100,19.64
430,Athabasca,CA,2021-06-01 16:30:42,54.7169,-113.2854,70.21,55,100,12.55
431,Sakaiminato,JP,2021-06-01 16:35:23,35.55,133.2333,62.58,94,75,1.14
432,Bom Jesus,BR,2021-06-01 16:35:24,-9.0744,-44.3586,98.96,21,53,5.35
433,Abengourou,CI,2021-06-01 16:35:24,6.7297,-3.4964,88.61,53,92,4.18
434,Barra Patuca,HN,2021-06-01 16:35:25,15.8,-84.2833,85.01,64,52,10.56
435,Callaway,US,2021-06-01 16:35:25,30.153,-85.5699,84.96,69,40,4.0
436,Canaries,ES,2021-06-01 16:35:26,28.0,-15.5,66.16,60,20,10.33
437,Broome,US,2021-06-01 16:35:26,42.2506,-75.833,72.57,49,1,1.99
438,Imbituba,BR,2021-06-01 16:35:26,-28.24,-48.6703,71.49,66,0,4.18
439,Johvi,EE,2021-06-01 16:35:27,59.3592,27.4211,54.34,71,91,8.34
440,Kirove,UA,2021-06-01 16:35:27,47.6531,35.6951,54.43,93,91,10.27
441,San Giorgio Del Sannio,IT,2021-06-01 16:35:28,41.0696,14.8522,73.2,30,8,6.46
442,Avera,US,2021-06-01 16:35:28,33.194,-82.5271,81.41,36,93,6.2
443,Hailar,CN,2021-06-01 16:35:29,49.2,119.7,43.81,46,2,6.64
444,Gravdal,NO,2021-06-01 16:35:29,68.1214,13.5031,66.09,39,0,3.44
445,Kalmunai,LK,2021-06-01 16:35:30,7.4167,81.8167,82.15,79,48,4.27
446,Ust-Maya,RU,2021-06-01 16:33:14,60.4167,134.5333,45.1,91,86,1.32
447,Khani,GE,2021-06-01 16:35:30,41.9563,42.9566,62.17,95,52,0.18
448,Henties Bay,NA,2021-06-01 16:35:31,-22.116,14.2845,61.86,70,1,7.65
449,Wangkui,CN,2021-06-01 16:35:31,46.8333,126.5,52.25,66,13,4.36
450,Kirakira,SB,2021-06-01 16:35:32,-10.4544,161.9205,78.35,90,92,9.22
451,Yasnyy,RU,2021-06-01 16:35:32,51.0333,59.8742,66.43,54,0,11.65
452,Saint-Pierre,RE,2021-06-01 16:31:00,-21.3393,55.4781,74.88,71,75,13.8
453,Shingu,JP,2021-06-01 16:35:33,33.7333,135.9833,64.9,91,74,4.97
454,Ambilobe,MG,2021-06-01 16:35:33,-13.2,49.05,72.16,76,6,4.99
455,Butwal,NP,2021-06-01 16:35:34,27.7006,83.4484,80.91,72,35,5.12
456,Jurm,AF,2021-06-01 16:35:34,36.8648,70.8342,63.0,68,91,3.0
457,Newport,GB,2021-06-01 16:35:34,51.5877,-2.9984,78.84,73,95,9.66
458,Tessalit,ML,2021-06-01 16:35:35,20.1986,1.0114,108.73,4,2,8.59
459,Vila Do Maio,CV,2021-06-01 16:35:35,15.1333,-23.2167,81.39,85,71,12.75
460,Havelock,US,2021-06-01 16:35:36,34.8791,-76.9013,81.05,58,40,5.99
461,Manaure,CO,2021-06-01 16:35:36,11.7751,-72.4445,89.47,53,98,18.37
462,Chiredzi,ZW,2021-06-01 16:35:37,-21.05,31.6667,69.28,42,1,7.07
463,Kalianget,ID,2021-06-01 16:35:37,-7.05,113.9333,80.6,74,38,10.13
464,Vorukh,TJ,2021-06-01 16:35:37,39.8494,70.5838,68.95,44,64,7.78
465,Chupa,RU,2021-06-01 16:35:38,66.27,33.0549,56.23,57,53,6.62
466,Ostrovnoy,RU,2021-06-01 16:35:38,68.0531,39.5131,42.26,79,98,12.88
467,Uyskoye,RU,2021-06-01 16:35:39,54.3775,60.0047,56.17,76,59,5.64
468,Udgir,IN,2021-06-01 16:35:39,18.3833,77.1167,87.91,47,69,4.74
469,Chapais,CA,2021-06-01 16:32:44,49.7834,-74.8492,62.38,56,72,10.8
470,Sembe,CG,2021-06-01 16:35:40,1.6481,14.5806,73.35,95,100,3.29
471,Rosita,NI,2021-06-01 16:35:40,13.9268,-84.4032,93.2,39,71,5.17
472,Nuristan,AF,2021-06-01 16:35:40,35.3,70.8333,40.73,62,11,11.86
473,Madang,PG,2021-06-01 16:35:41,-5.2246,145.7966,76.32,95,100,3.65
474,Agadez,NE,2021-06-01 16:35:41,19.75,10.25,102.78,6,100,7.23
475,Ust-Kuyga,RU,2021-06-01 16:35:42,70.0167,135.6,59.43,44,8,3.8
476,Lazaro Cardenas,MX,2021-06-01 16:35:42,17.9583,-102.2,86.45,62,91,4.68
477,Dillon,US,2021-06-01 16:35:43,34.4166,-79.3712,84.13,37,67,5.19
478,Mayo,US,2021-06-01 16:35:43,38.8876,-76.5119,80.38,64,100,4.0
479,Kasongo,CD,2021-06-01 16:35:43,-4.45,26.6667,78.08,52,55,1.72
480,Hualmay,PE,2021-06-01 16:35:44,-11.0964,-77.6139,69.08,74,99,10.36
481,Chapleau,CA,2021-06-01 16:35:44,47.8405,-83.4034,68.09,37,75,6.91
482,Fontem,CM,2021-06-01 16:35:45,5.4685,9.8818,69.91,91,100,2.08
483,Flin Flon,CA,2021-06-01 16:35:45,54.7682,-101.865,62.44,63,20,3.31
484,Nome,US,2021-06-01 16:35:45,64.5011,-165.4064,49.15,46,1,6.91
485,Khandyga,RU,2021-06-01 16:35:46,62.6667,135.6,45.7,70,43,2.35
486,Northam,GB,2021-06-01 16:35:46,51.0333,-4.2167,73.02,75,66,11.21
487,Alihe,CN,2021-06-01 16:35:47,50.5667,123.7167,46.92,95,100,3.47
488,Talara,PE,2021-06-01 16:32:21,-4.5772,-81.2719,74.16,68,20,18.41
489,Cedar City,US,2021-06-01 16:35:47,37.6775,-113.0619,78.4,13,1,4.61
490,Vao,NC,2021-06-01 16:35:48,-22.6667,167.4833,68.95,58,100,12.95
491,Pisco,PE,2021-06-01 16:35:48,-13.7,-76.2167,68.05,73,75,8.05
492,Santa Cruz,BO,2021-06-01 16:35:49,-17.8,-63.1667,77.05,57,75,4.61
493,Whitianga,NZ,2021-06-01 16:35:49,-36.8333,175.7,47.97,82,0,5.75
494,Vozhega,RU,2021-06-01 16:35:49,60.4725,40.2213,52.75,79,100,5.06
495,Senanga,ZM,2021-06-01 16:35:50,-16.1167,23.2667,66.7,28,0,4.16
496,Calamar,CO,2021-06-01 16:35:50,10.2511,-74.9146,87.58,64,100,6.17
497,Salta,AR,2021-06-01 16:31:25,-24.7859,-65.4117,71.58,39,0,3.78
498,Alofi,NU,2021-06-01 16:35:51,-19.0595,-169.9187,75.09,94,75,3.44
499,Goderich,CA,2021-06-01 16:35:52,43.7501,-81.7165,73.04,45,1,9.22
500,Nueve De Julio,AR,2021-06-01 16:35:52,-35.4444,-60.8831,54.72,85,100,15.08
501,De-Kastri,RU,2021-06-01 16:35:53,51.4667,140.7833,42.58,97,11,7.85
502,Copperas Cove,US,2021-06-01 16:35:53,31.1241,-97.9031,75.38,81,90,10.36
503,Buluang,PH,2021-06-01 16:35:53,13.3068,123.3425,77.81,93,92,5.37
504,Berlevag,NO,2021-06-01 16:35:54,70.8578,29.0864,46.2,87,75,18.41
505,Gasa,PS,2021-06-01 16:35:55,31.5,34.4667,79.92,65,0,9.71
506,Gvarv,NO,2021-06-01 16:35:55,59.3875,9.1737,77.07,38,0,4.74
507,Havre-Saint-Pierre,CA,2021-06-01 16:35:55,50.2334,-63.5986,46.76,93,90,23.02
508,Nola,IT,2021-06-01 16:35:56,40.922,14.5329,77.16,37,8,5.06
509,Blind River,CA,2021-06-01 16:35:56,46.1834,-82.9582,68.25,57,1,7.54
510,Yerbogachen,RU,2021-06-01 16:35:57,61.2767,108.0108,55.8,57,85,3.49
511,Shache,CN,2021-06-01 16:35:57,38.4167,77.2406,75.34,27,100,7.85
512,Batticaloa,LK,2021-06-01 16:35:57,7.7102,81.6924,82.98,76,50,2.82
513,Kondapalle,IN,2021-06-01 16:35:58,16.6167,80.5333,90.45,58,99,5.08
514,Panjab,AF,2021-06-01 16:35:58,34.388,67.0233,57.27,26,1,10.09
515,Champerico,GT,2021-06-01 16:35:59,14.3,-91.9167,92.77,69,60,7.25
516,Mercedes,AR,2021-06-01 16:35:59,-34.6515,-59.4307,62.85,56,90,9.91
517,Mega,ET,2021-06-01 16:36:00,4.05,38.3,58.21,79,95,5.93
518,Akureyri,IS,2021-06-01 16:36:00,65.6835,-18.0878,48.13,76,75,10.36
519,Itaituba,BR,2021-06-01 16:36:00,-4.2761,-55.9836,95.16,49,40,0.0
520,Baie-Comeau,CA,2021-06-01 16:36:01,49.2168,-68.1489,62.6,72,1,15.84
521,Kunnamangalam,IN,2021-06-01 16:36:01,11.3046,75.8777,79.43,91,99,1.43
522,Aripuana,BR,2021-06-01 16:36:02,-9.1667,-60.6333,93.52,34,32,3.51
523,Matata,NZ,2021-06-01 16:36:02,-37.8833,176.75,44.15,79,0,6.29
524,Pimentel,PE,2021-06-01 16:36:02,-6.8367,-79.9342,69.01,81,90,5.01
525,Tizimin,MX,2021-06-01 16:36:03,21.15,-88.15,92.77,39,68,6.91
526,Krasnoselkup,RU,2021-06-01 16:35:12,65.7,82.4667,42.75,70,74,12.97
527,Juegang,CN,2021-06-01 16:36:04,32.3174,121.1855,70.97,58,100,21.27
528,Degtyarsk,RU,2021-06-01 16:36:04,56.704,60.0879,57.52,77,95,4.05
529,Westport,US,2021-06-01 16:36:04,41.1415,-73.3579,77.09,67,1,1.01
530,Pilar,BR,2021-06-01 16:35:26,-9.5972,-35.9567,84.13,68,83,6.31
531,Inta,RU,2021-06-01 16:36:05,66.0317,60.1659,36.39,70,99,21.03
532,Pacific Grove,US,2021-06-01 16:36:06,36.6177,-121.9166,73.81,93,90,5.01
533,Baherden,TM,2021-06-01 16:36:06,38.4362,57.4316,91.8,23,0,4.14
534,Payo,ID,2021-06-01 16:36:07,-3.7508,103.6372,72.73,97,69,1.9
535,Filadelfia,US,2021-06-01 16:33:38,39.9523,-75.1638,78.3,47,75,5.99
536,Olean,US,2021-06-01 16:32:47,42.0776,-78.4297,69.26,45,1,7.83
537,Tarakan,ID,2021-06-01 16:36:08,3.3,117.6333,74.7,94,75,2.3
538,Tevaitoa,PF,2021-06-01 16:36:08,-16.7833,-151.5,79.09,73,60,13.27
539,Dukat,RU,2021-06-01 16:36:09,62.55,155.55,33.39,77,36,4.07
540,Murchison,NZ,2021-06-01 16:36:09,-41.8,172.3333,38.37,98,18,1.03
541,San Cristobal,VE,2021-06-01 16:36:10,7.7669,-72.225,78.98,89,99,5.26
542,Hun,LY,2021-06-01 16:36:10,29.1268,15.9477,94.73,15,2,14.18
543,Alta Floresta,BR,2021-06-01 16:36:11,-9.8756,-56.0861,88.23,43,9,4.5
544,Rawlins,US,2021-06-01 16:36:11,41.7911,-107.2387,64.33,34,20,5.75
545,Abbeville,FR,2021-06-01 16:36:12,50.1,1.8333,78.76,67,2,10.56
546,Lufilufi,WS,2021-06-01 16:36:12,-13.8745,-171.5986,74.98,64,72,15.5
547,Banjar,ID,2021-06-01 16:36:13,-8.19,114.9675,78.66,84,30,2.1
548,Les Cayes,HT,2021-06-01 16:36:13,18.2,-73.75,86.0,63,61,11.34
549,Amurzet,RU,2021-06-01 16:36:13,47.6967,131.0981,51.12,95,50,5.41
550,Vila,PT,2021-06-01 16:36:14,42.0304,-8.1588,62.74,79,98,6.87
551,Axim,GH,2021-06-01 16:36:14,4.8699,-2.2405,81.36,77,90,9.31
552,Petropavlovsk-Kamchatskiy,RU,2021-06-01 16:31:15,53.0452,158.6483,37.99,81,75,3.58
553,Sivaki,RU,2021-06-01 16:36:15,52.6333,126.75,50.94,84,100,3.33
554,Keti Bandar,PK,2021-06-01 16:36:15,24.1447,67.4497,84.09,85,4,18.66
555,Quelimane,MZ,2021-06-01 16:36:16,-17.8786,36.8883,70.86,82,76,5.82
556,Borba,BR,2021-06-01 16:36:16,-4.3878,-59.5939,94.96,36,17,3.2
557,Haines Junction,CA,2021-06-01 16:36:17,60.7522,-137.5108,57.15,41,78,12.66
558,San Carlos De Bariloche,AR,2021-06-01 16:36:11,-41.1456,-71.3082,53.35,54,40,12.44
559,Zhangye,CN,2021-06-01 16:36:17,38.9342,100.4517,65.3,15,59,5.57
560,Mountain Home,US,2021-06-01 16:36:18,43.133,-115.6912,74.1,26,1,7.65
561,Khor,RU,2021-06-01 16:36:18,47.8861,134.9464,53.87,97,100,8.41
562,Bafra,TR,2021-06-01 16:36:19,41.5678,35.9069,62.38,96,100,5.84
563,Lishan,CN,2021-06-01 16:36:19,31.8576,113.2951,77.9,69,93,1.36
564,Pathein,MM,2021-06-01 16:36:20,16.7833,94.7333,82.54,81,6,4.76
565,Laguna,US,2021-06-01 16:36:20,38.421,-121.4238,96.44,44,1,6.11
566,Spirit River,CA,2021-06-01 16:36:21,55.7833,-118.8361,69.75,53,100,16.11
567,Octeville,FR,2021-06-01 16:36:21,49.6261,-1.6435,71.46,43,0,13.73
568,Hervey Bay,AU,2021-06-01 16:36:21,-25.2986,152.8535,63.03,86,60,4.0
569,Dergachi,RU,2021-06-01 16:36:22,51.2328,48.7659,65.8,77,92,14.25
570,Mehamn,NO,2021-06-01 16:36:22,71.0357,27.8492,46.58,93,75,17.27
571,Maceio,BR,2021-06-01 16:36:23,-9.6658,-35.7353,85.44,61,40,8.75
572,Magdagachi,RU,2021-06-01 16:36:23,53.45,125.8,50.94,83,84,3.94
